date,amount,category,description
01-01-2026,50000.0,Income,Salary
02-01-2026,250.0,Expense,Groceries
03-01-2026,120.0,Expense,Transport
04-01-2026,1500.0,Expense,Electricity Bill
05-01-2026,300.0,Expense,Internet Bill
06-01-2026,450.0,Expense,Mobile Recharge
07-01-2026,200.0,Expense,Snacks
08-01-2026,60000.0,Income,Salary
09-01-2026,500.0,Expense,Shopping
10-01-2026,1200.0,Expense,Gas Bill
11-01-2026,350.0,Expense,Restaurant
12-01-2026,800.0,Expense,Medical
13-01-2026,2000.0,Expense,Insurance
14-01-2026,150.0,Expense,Coffee
15-01-2026,700.0,Expense,Groceries
16-01-2026,130.6,Income,Freelance Work
17-01-2026,1000.0,Expense,Entertainment
18-01-2026,312.56,Expense,D-Mart
19-01-2026,130.6,Income,Salary
20-01-2026,500.0,Expense,Petrol
21-01-2026,60000.0,Income,Salary
22-01-2026,450.0,Expense,Groceries
23-01-2026,200.0,Expense,Snacks
24-01-2026,40000.0,Expense,Rent
25-01-2026,900.0,Expense,Shopping
26-01-2026,2500.0,Expense,Travel
27-01-2026,300.0,Expense,Stationery
28-01-2026,1800.0,Expense,Electricity Bill
29-01-2026,750.0,Expense,Restaurant
30-01-2026,5000.0,Income,Bonus
